{
  "project_info": {
    "project_number": "790877109236",
    "project_id": "language-translator-91da4",
    "storage_bucket": "language-translator-91da4.appspot.com"
  },
  "client": [
    {
      "client_info": {
        "mobilesdk_app_id": "1:790877109236:android:af908ba33f3d4fced017a1",
        "android_client_info": {
          "package_name": "com.example.language_translator"
        }
      },
      "oauth_client": [
        {
          "client_id": "790877109236-8crkrgar21fgem3m5o3ph0smks95c7jj.apps.googleusercontent.com",
          "client_type": 3
        }
      ],
      "api_key": [
        {
          "current_key": "AIzaSyA_4UFWgIY4UMcySDsibxhgGtQvPCQQn94"
        }
      ],
      "services": {
        "appinvite_service": {
          "other_platform_oauth_client": [
            {
              "client_id": "790877109236-8crkrgar21fgem3m5o3ph0smks95c7jj.apps.googleusercontent.com",
              "client_type": 3
            }
          ]
        }
      }
    }
  ],
  "configuration_version": "1"
}